philosophe,2
et,952
écrivain,2
français,4
[1913-1960],3
albert,99
camus,100
(1942),110
l’Étranger,3
roman,113
un,427
document,1
produit,1
en,271
version,1
numérique,3
par,94
jean-marie,5
tremblay,5
bénévole,2
professeur,3
de,1087
sociologie,3
au,135
cégep,3
chicoutimi,5
courriel:,1
jean-marie_tremblay@uqac.ca,1
site,5
web,2
pédagogique,1
:,213
http://www.uqac.ca/jmt-sociologue/,1
dans,237
le,724
cadre,1
de:,1
"""les",1
classiques,9
des,253
sciences,7
"sociales""",1
une,221
bibliothèque,3
fondée,2
dirigée,2
web:,2
http://classiques.uqac.ca/,1
collection,1
développée,1
collaboration,1
avec,165
la,677
paul-Émile-boulet,1
l'université,1
du,187
québec,2
à,511
http://bibliotheque.uqac.ca/,1
l’étranger,109
2,1
politique,1
d'utilisation,1
toute,32
reproduction,1
rediffusion,2
nos,13
fichiers,4
est,124
interdite,3
même,85
mention,1
leur,25
provenance,1
sans,81
l’autorisation,1
formelle,1
écrite,3
fondateur,3
sociales,6
sociologue,2
les,366
ne,244
peuvent,2
autorisation,1
formelle:,1
-,18
être,18
hébergés,1
(en,1
fichier,2
ou,48
page,4
totalité,1
partie),1
sur,175
serveur,1
autre,27
que,640
celui,7
servir,3
base,1
travail,6
modifié,1
ensuite,23
tout,177
moyen,1
(couleur,1
police,1
mise,5
extraits,1
support,1
etc...),1
(.html,1
doc,1
pdf,1
rtf,1
jpg,1
gif),1
disponibles,2
sont,32
propriété,1
organisme,1
but,1
non,32
lucratif,1
composé,1
exclusivement,1
bénévoles,1
ils,65
pour,193
utilisation,2
intellectuelle,1
personnelle,1
aucun,5
cas,16
commerciale,1
fins,3
commerciales,1
ce,221
strictement,2
également,1
l'accès,1
notre,14
libre,3
gratuit,1
tous,48
utilisateurs,1
c'est,93
mission,1
président-directeur,1
général,13
3,1
remarque,3
livre,2
domaine,3
public,9
canada,2
parce,64
qu’une,1
œuvre,2
passe,4
50,2
ans,15
après,50
mort,22
l’auteur(e),2
cette,84
n’est,1
pas,344
pays,5
où,49
il,664
faut,10
attendre,6
70,2
respectez,1
loi,6
droits,4
d’auteur,1
votre,20
4,1
oeuvres,1
d'albert,1
récits-nouvelles,1
l'Étranger,1
peste,1
chute,1
l’exil,1
royaume,1
théâtre,2
caligula,1
malentendu,1
l'État,2
siÈge,1
justes,2
essais,2
noces,1
mythe,1
sisyphe,1
lettres,1
À,57
ami,9
allemand,2
actuelles,2
chroniques,3
1944-1948,1
ii,5
1948-1953,1
algÉriennes,1
1939-1958,1
(actuelles,1
iii),1
l'homme,9
rÉvoltÉ,1
l'ÉtÉ,1
l'envers,1
l'endroit,3
discours,1
suÈde,1
adaptations,1
traductions,1
esprits,1
pierre,3
larivey,1
dÉvotion,1
croix,1
pedro,1
calderon,1
barca,1
requiem,1
nonne,1
william,1
faulkner,1
chevealier,1
d’olmedo,1
lope,1
vega,1
possÉdÉs,1
d’après,1
dostoïevski,1
5,1
édition,1
électronique,2
a,465
été,47
réalisée,3
partir,19
paris,8
Éditions,2
gallimard,2
1942,2
172,2
pp,2
nrf,2
impression,5
1950,2
polices,1
caractères,1
utilisée,1
texte:,1
comic,3
12,4
points,5
citations,1
notes,3
bas,5
Édition,2
traitement,2
textes,1
microsoft,1
word,1
2008,1
macintosh,1
papier,4
format,1
lettre,10
(us,1
letter),1
8.5’’,1
x,2
11’’),1
15,2
mars,1
2010,1
ville,7
saguenay,1
province,1
6,1
7,1
table,26
matières,14
première,19
partie,23
i,4
iii,4
iv,4
v,4
deuxième,12
8,1
[7],1
retour,15
9,1
[9],1
aujourd'hui,8
maman,50
morte,9
peut-être,16
hier,6
je,724
sais,18
j'ai,367
reçu,4
télégramme,1
l'asile,19
,516
mère,30
décédée,1
enterrement,1
demain,6
sentiments,3
distingués,1
cela,98
veut,2
rien,80
dire,62
c'était,137
peutêtre,1
vieillards,5
marengo,5
quatre-vingts,1
kilomètres,4
d'alger,5
prendrai,1
l'autobus,8
deux,49
heures,24
j'arriverai,1
l'après-midi,8
ainsi,21
pourrai,1
veiller,4
rentrerai,1
soir,20
demandé,88
jours,20
congé,3
mon,178
patron,11
pouvait,22
me,286
refuser,4
excuse,1
[10],1
pareille,2
mais,259
n'avait,29
l'air,40
content,14
lui,234
ai,69
dit,242
n'est,12
ma,90
faute,3
n'a,23
répondu,65
pensé,35
alors,106
n'aurais,3
dû,12
somme,10
n'avais,43
m'excuser,1
plutôt,4
présenter,1
ses,71
condoléances,1
fera,2
doute,11
après-demain,1
quand,77
verra,1
deuil,2
moment,89
peu,115
comme,86
si,113
n'était,28
l'enterrement,10
contraire,6
sera,5
affaire,20
classée,2
aura,1
revêtu,1
allure,2
plus,150
officielle,1
pris,25
faisait,31
très,89
chaud,10
mangé,7
restaurant,2
chez,28
céleste,17
d'habitude,7
avaient,23
beau-,1
10,1
coup,16
peine,20
moi,141
m'a,269
on,106
qu'une,7
suis,106
parti,12
m'ont,14
accompagné,3
porte,26
j'étais,76
étourdi,3
qu'il,200
fallu,7
monte,1
emmanuel,7
emprunter,1
cravate,6
noire,5
brassard,1
perdu,10
son,138
oncle,1
y,80
quelques,31
mois,11
couru,4
manquer,2
départ,2
hâte,2
course,4
cause,16
ajouté,18
aux,30
cahots,1
l'odeur,5
d'essence,1
réverbération,1
route,6
ciel,31
assoupi,1
dormi,7
pendant,35
presque,25
trajet,1
[11],1
réveillé,7
tassé,1
contre,16
militaire,1
qui,201
souri,6
venais,2
loin,17
oui,35
n'avoir,3
parler,21
village,8
fait,96
chemin,3
pied,4
voulu,25
voir,31
suite,25
concierge,26
fallait,32
rencontre,2
directeur,21
était,166
occupé,3
attendu,17
temps,61
parlé,31
vu,35
bureau,18
petit,33
vieux,29
légion,1
d'honneur,1
regardé,32
yeux,35
clairs,2
puis,50
serré,8
main,26
gardée,1
longtemps,27
savais,14
trop,19
comment,17
retirer,2
consulté,3
dossier,6
mme,4
meursault,9
entrée,3
ici,16
trois,19
vous,70
étiez,1
seul,15
soutien,1
cru,6
reprochait,2
quelque,31
chose,39
commencé,13
expliquer,7
interrompu,4
n'avez,1
justifier,1
cher,3
enfant,4
lu,10
pouviez,1
subvenir,1
besoins,3
garde,5
vos,1
salaires,1
modestes,1
compte,9
elle,161
heureuse,1
monsieur,14
savez,4
avait,218
[12],1
amis,5
gens,14
âge,1
partager,1
eux,14
intérêts,1
d'un,55
êtes,3
jeune,12
devait,14
s'ennuyer,2
vrai,13
maison,8
passait,8
suivre,5
silence,24
premiers,4
pleurait,6
souvent,13
l'habitude,4
bout,19
aurait,8
pleuré,5
l'avait,14
retirée,1
toujours,55
dernière,8
année,1
n'y,16
allé,12
aussi,56
11,1
prenait,5
dimanche,10
compter,1
l'effort,4
aller,20
prendre,13
tickets,1
faire,45
encore,76
l'écoutais,2
suppose,1
voulez,3
levé,15
précédé,1
vers,55
l'escalier,5
expliqué,13
nous,179
l'avons,3
transportée,1
petite,26
morgue,2
impressionner,1
autres,16
chaque,17
fois,58
qu'un,15
pensionnaire,1
meurt,2
nerveux,2
ça,20
rend,1
service,2
difficile,5
avons,40
traversé,4
[13],1
cour,14
beaucoup,34
bavardant,1
petits,6
groupes,1
se,105
taisaient,1
passions,1
derrière,19
conversations,3
reprenaient,1
jacassement,1
assourdi,1
perruches,1
bâtiment,2
quitté,3
laisse,4
disposition,2
principe,2
fixé,1
dix,4
matin,9
pourrez,1
disparue,1
dernier,6
mot,3
paraît-il,1
exprimé,2
compagnons,1
désir,4
d'être,19
enterrée,2
religieusement,1
nécessaire,3
voulais,15
informer,1
l'ai,59
remercié,5
athée,1
jamais,38
vivant,1
religion,1
entré,17
salle,22
claire,2
blanchie,1
chaux,1
recouverte,2
d'une,48
verrière,4
meublée,1
chaises,5
chevalets,1
forme,2
d'entre,7
centre,2
supportaient,1
bière,10
couvercle,1
voyait,4
seulement,28
vis,3
brillantes,1
enfoncées,2
détacher,1
planches,1
passées,1
brou,1
noix,1
près,17
infirmière,3
[14],1
arabe,3
sarrau,1
blanc,4
foulard,1
couleur,6
vive,1
tête,25
dos,9
courir,3
bégayé,1
l'a,12
couverte,2
dois,2
dévisser,1
puissiez,1
s'approchait,1
arrêté,7
?,55
s'est,101
gêné,2
sentais,17
pourquoi,32
reproche,1
s'il,30
s'infor-,1
mait,1
tortillant,1
sa,109
moustache,3
blanche,6
déclaré,26
regarder,14
comprends,1
beaux,1
bleu,8
clair,2
teint,1
rouge,11
donné,10
chaise,7
lui-même,6
assis,23
arrière,6
levée,4
sortie,2
chancre,1
qu'elle,53
comprenais,8
l'infirmière,5
portait,5
sous,21
bandeau,3
tour,7
hauteur,2
nez,3
plat,6
blancheur,2
visage,33
[15],1
vais,7
laisser,7
quel,6
geste,7
resté,18
debout,2
présence,5
gênait,3
pièce,9
pleine,5
belle,7
lumière,15
fin,6
d'après-midi,1
frelons,1
bourdonnaient,1
sommeil,10
gagner,2
retourner,3
là,31
immédiatement,5
cinq,6
depuis,18
demande,7
bavardé,1
l'aurait,1
bien,84
étonné,4
disant,9
finirait,1
soixante-quatre,1
parisien,2
ah,2
n'êtes,1
d'ici,1
souvenu,5
qu'avant,1
conduire,1
m'avait,19
l'enterrer,1
vite,24
plaine,1
surtout,6
appris,12
vécu,5
mal,23
l'oublier,1
reste,11
quatre,10
quelquefois,6
l'idée,7
déjà,37
[16],1
corbillard,1
femme,41
tais-toi,1
choses,17
raconter,2
rougi,1
s'était,21
excusé,2
intervenu,2
trouvais,11
racontait,2
juste,6
intéressant,4
indigent,1
sentait,3
valide,1
proposé,2
place,7
remarquer,4
qu'en,5
pension-,1
13,1
naire,1
j'avais,108
frappé,14
façon,17
rarement,1
parlant,4
pensionnaires,3
dont,21
certains,4
n'étaient,3
âgés,1
naturellement,12
certaine,5
mesure,1
tombé,3
brusquement,8
nuit,18
épaissie,1
au-dessus,12
tourné,7
commutateur,1
aveuglé,1
l'éclaboussement,1
soudain,2
invité,4
rendre,7
réfectoire,1
dîner,4
faim,8
offert,6
d'apporter,1
[17],1
tasse,1
café,16
lait,6
j'aime,2
accepté,5
revenu,8
plateau,5
bu,6
eu,68
envie,23
fumer,5
hésité,3
pouvais,18
devant,34
réfléchi,7
aucune,8
importance,6
cigarette,12
fumé,7
madame,3
vont,3
venir,12
coutume,1
j'aille,1
chercher,6
noir,11
éteindre,1
lampes,4
l'éclat,3
murs,3
blancs,5
fatiguait,1
possible,5
l'installation,1
faite,5
n'ai,49
attention,5
sorti,10
disposé,2
l'une,2
d'elles,2
empilé,1
tasses,1
autour,13
cafetière,1
face,12
l'autre,16
côté,19
fond,15
voyais,12
mouvement,4
bras,12
croire,4
tricotait,1
doux,3
réchauffé,1
ouverte,5
[18],1
entrait,3
odeur,2
fleurs,1
crois,20
somnolé,1
frôlement,1
d'avoir,9
fermé,4
paru,10
éclatante,2
ombre,1
objet,3
angle,1
toutes,19
courbes,1
dessinaient,1
pureté,1
blessante,1
entrés,2
étaient,29
dizaine,3
glissaient,1
aveuglante,2
14,1
qu'aucune,1
grinçât,1
personne,16
détail,2
leurs,17
visages,7
habits,3
m'échappait,1
pourtant,22
entendais,1
réalité,5
femmes,11
portaient,1
tablier,2
cordon,2
serrait,1
taille,4
ressortir,1
ventre,8
bombé,1
remarqué,15
point,9
vieilles,1
pouvaient,4
avoir,16
hommes,15
maigres,1
tenaient,3
cannes,1
frappait,3
lueur,2
éclat,4
milieu,10
nid,2
rides,2
lorsqu'ils,1
plupart,4
[19],1
ont,29
hoché,1
gêne,3
lèvres,5
mangées,1
bouche,14
dents,4
puisse,1
savoir,24
s'ils,3
saluaient,2
s'agissait,4
tic,2
qu'ils,19
aperçu,13
dodeliner,1
l'impression,8
ridicule,8
juger,5
pleurer,5
second,5
rang,1
cachée,1
compagnes,1
cris,3
régulièrement,6
semblait,17
s'arrêterait,1
l'entendre,2
affaissés,1
mornes,1
silencieux,4
regardaient,10
canne,3
n'importe,2
quoi,8
connaissais,11
j'aurais,17
n'osais,1
penché,8
secoué,3
bredouillé,1
continué,6
régularité,1
venu,14
[20],1
assez,30
long,13
renseigné,1
liée,1
seule,10
amie,3
maintenant,21
sommes,38
restés,7
soupirs,1
sanglots,2
faisaient,4
rares,5
reniflait,1
tue,2
enfin,10
fatigué,10
reins,2
présent,1
ces,32
m'était,10
pénible,3
j'entendais,3
bruit,18
singulier,1
comprendre,8
longue,5
fini,19
deviner,1
quelques-uns,1
suçaient,1
l'intérieur,2
joues,4
laissaient,4
échapper,1
clappements,1
bizarres,1
s'en,2
apercevaient,1
tant,4
absorbés,1
pensées,5
couchée,1
d'eux,3
signifiait,4
fausse,1
servi,3
passé,13
souviens,3
qu'à,11
ouvert,10
[21],1
dormaient,1
tassés,1
euxmêmes,1
l'exception,1
menton,1
mains,21
agrippées,1
regardait,10
fixement,1
n'attendait,1
réveil,1
jour,35
glissait,2
l'un,10
toussé,3
crachait,1
grand,11
mouchoir,4
carreaux,1
chacun,3
crachats,1
arrachement,1
devraient,1
levés,1
veille,2
incommode,1
cendre,1
sortant,7
étonnement,1
n'avions,2
échangé,1
accru,1
intimité,1
conduit,6
pu,16
toilette,2
bon,11
complètement,2
collines,2
séparent,1
mer,17
plein,8
rougeurs,1
vent,1
apportait,2
sel,5
journée,12
préparait,2
[22],1
campagne,5
plaisir,5
promener,4
platane,1
respirais,1
terre,11
fraîche,2
collègues,2
heure,6
levaient,1
l'heure,11
16,1
distrait,1
cloche,1
sonnait,1
bâtiments,1
remue-ménage,2
fenêtres,2
calmé,1
soleil,43
monté,4
commençait,5
chauffer,2
mes,48
pieds,6
demandait,4
signer,1
certain,5
nombre,1
pièces,1
habillé,3
pantalon,4
rayé,1
téléphone,3
interpellé,1
employés,2
pompes,3
funèbres,3
demander,12
fermer,4
voulez-vous,1
auparavant,4
ordonné,2
baissant,1
[23],1
voix,23
figeac,1
dites,2
assisterait,1
croisé,1
petites,8
jambes,2
averti,1
serions,1
seuls,3
devaient,1
assister,1
enterrements,1
laissait,2
question,17
d'humanité,1
a-t-il,17
l'espèce,1
accordé,1
l'autorisation,3
convoi,2
vieil,1
thomas,3
pérez,17
comprenez,7
sentiment,3
puéril,1
quittaient,1
guère,2
plaisantait,1
disait,29
fiancée,1
riait,5
Ça,4
affecté,1
devoir,5
conseil,3
médecin,1
visiteur,1
interdit,2
veillée,1
d'hier,2
fenêtre,6
observé,5
voilà,4
curé,3
[24],1
avance,2
prévenu,1
faudrait,3
moins,21
quarts,2
d'heure,2
marche,8
l'église,3
descendus,4
enfants,2
chœur,1
ceux-ci,1
tenait,8
encensoir,1
prêtre,4
baissait,1
régler,2
longueur,2
chaîne,1
d'argent,5
arrivés,4
prê-,1
17,1
tre,1
relevé,3
appelé,4
fils,6
mots,6
;,6
suivi,8
noirs,4
entendu,32
voiture,11
attendait,1
commencer,4
prières,1
avancés,1
drap,1
suivants,2
moi-même,6
sortis,6
dame,3
m,4
nom,8
compris,26
déléguée,3
incliné,1
sourire,5
osseux,1
[25],1
rangés,1
passer,8
corps,16
porteurs,1
vernie,1
oblongue,1
brillante,2
penser,9
plumier,1
d'elle,6
l'ordonnateur,2
homme,40
ridicules,2
vieillard,2
l'allure,1
empruntée,1
feutre,3
mou,1
calotte,1
ronde,2
ailes,1
larges,2
(il,2
ôté,3
porte),1
costume,4
tirebouchonnait,1
souliers,7
nœud,3
d'étoffe,1
chemise,4
col,3
tremblaient,3
au-dessous,3
truffé,1
cheveux,13
curieuses,2
oreilles,3
ballantes,1
ourlées,1
sang,11
blafard,1
frappa,1
donna,1
places,1
marchait,4
avant,17
fermant,1
peser,1
chaleur,15
augmentait,1
rapidement,3
[26],1
mettre,7
vêtements,2
sombres,1
recouvert,1
nouveau,11
chapeau,5
m'étais,3
regardais,5
lorsque,6
allaient,3
jus-,1
18,1
qu'au,4
accompagnés,1
travers,7
lignes,1
cyprès,1
menaient,1
rousse,1
verte,1
maisons,1
dessinées,1
trêve,2
mélancolique,2
débordant,1
tressaillir,1
paysage,1
rendait,1
inhumain,1
déprimant,1
mis,25
claudiquait,1
légèrement,1
vitesse,3
perdait,1
terrain,1
entouraient,1
laissé,11
dépasser,1
niveau,2
surpris,5
rapidité,1
laquelle,2
montait,5
[27],1
bourdonnait,2
chant,1
insectes,1
crépitements,1
d'herbe,1
sueur,9
coulait,4
m'éventais,1
l'employé,1
s'essuyait,1
crâne,2
gauche,4
droite,3
soulevant,1
bord,5
casquette,1
répété,8
montrant,1
tape,1
demandée,1
vieille,6
chiffre,1
exact,1
tu,33
retourné,15
cinquantaine,1
mètres,4
hâtait,1
balançant,1
dignité,1
inutile,2
gouttes,3
perlaient,1
front,10
essuyait,1
[28],1
lumineuse,1
gorgée,1
insoutenable,2
passés,1
récemment,2
refaite,1
éclater,2
goudron,2
enfonçaient,1
pulpe,1
cocher,1
cuir,3
bouilli,1
pétri,1
boue,1
noi-,1
19,1
re,2
entre,22
monotonie,1
couleurs,2
gluant,1
terne,1
laque,1
crottin,1
celle,9
vernis,3
l'encens,1
fatigue,3
d'insomnie,1
troublait,1
regard,9
idées,3
nuée,1
cherché,6
champs,2
constaté,2
tournait,3
connaissait,7
coupait,1
court,2
rattraper,1
tournant,1
rejoints,2
repris,3
plusieurs,6
[29],1
battait,2
tempes,3
précipitation,1
certitude,3
naturel,9
l'entrée,2
singulière,2
n'allait,1
mélodieuse,1
tremblante,2
va,6
doucement,4
risque,1
insolation,1
transpiration,1
attrape,1
froid,4
raison,12
d'issue,2
gardé,2
images,1
exemple,5
grosses,3
larmes,3
d'énervement,1
ruisselaient,1
elles,8
s'écoulaient,1
s'étalaient,1
rejoignaient,1
formaient,1
d'eau,4
détruit,2
villageois,1
trottoirs,2
géraniums,1
rouges,3
tombes,1
cimetière,1
l'évanouissement,1
(on,1
eût,2
pantin,1
disloqué),1
roulait,2
chair,1
racines,1
s'y,6
mêlaient,1
[30],2
monde,27
l'attente,2
l'incessant,1
ronflement,1
moteur,2
joie,5
lumières,2
j'allais,10
coucher,2
dormir,4
douze,1
20,1
réveillant,2
mécontent,2
samedi,5
l'avais,13
oublié,4
levant,2
idée,6
m'est,5
venue,9
vacances,1
part,4
enterré,5
lieu,6
d'aujourd'hui,1
d'autre,4
[31],1
m'empêche,1
lever,4
rasais,1
décidé,3
d'aller,3
baigner,3
tram,4
l'établissement,1
bains,3
port,3
plongé,3
jeunes,5
retrouvé,3
l'eau,16
marie,72
cardona,1
ancienne,2
dactylo,1
l'époque,2
n'avons,6
aidée,1
monter,5
bouée,4
effleuré,1
seins,4
retournée,1
hissé,1
21,1
plaisantant,1
posée,2
doré,1
nuque,2
battre,1
moitié,2
endormis,1
[33],1
devenu,2
fort,7
suivie,2
rattrapée,1
nagé,1
ensemble,10
quai,2
séchions,1
brune,1
voulait,35
cinéma,4
ri,14
film,6
fernandel,3
rhabillés,2
surprise,2
recul,1
fautif,1
drôle,2
moments,2
vraiment,7
bête,2
jambe,1
mienne,3
caressais,1
séance,1
embrassée,4
[34],1
tante,1
ennuyé,4
n'aime,5
lit,13
traversin,2
laissée,2
jusqu'à,10
cigarettes,5
couché,4
midi,4
déjeuner,8
certainement,3
m'auraient,1
posé,5
questions,15
cuire,2
oeufs,1
mangés,1
pain,4
n'en,7
avais,12
descendre,2
acheter,4
22,1
erré,1
l'appartement,1
commode,3
transporter,1
chambre,15
manger,4
paille,3
creusées,1
l'armoire,1
glace,3
jaunie,2
cuivre,2
l'abandon,1
tard,13
journal,3
j'y,6
découpé,1
réclame,1
[35],1
sels,1
kruschen,1
collée,5
cahier,1
mets,1
m'amusent,1
journaux,9
lavé,3
finir,7
balcon,1
donne,5
rue,16
principale,1
faubourg,3
beau,4
cependant,11
pavé,2
gras,1
pressés,2
c'étaient,4
d'abord,15
familles,2
allant,2
promenade,2
garçons,1
marin,1
culotte,1
genou,2
empêtrés,1
raides,1
fille,7
gros,5
rose,2
énorme,2
robe,10
soie,1
marron,1
père,6
frêle,1
connais,1
vue,4
canotier,2
papillon,1
voyant,2
quartier,9
distingué,4
passèrent,1
laqués,1
veston,2
cintré,1
pochette,1
brodée,1
bouts,2
carrés,2
cinémas,3
partaient,1
tôt,9
dépêchaient,1
riant,2
[36],1
devenue,1
déserte,3
spectacles,1
partout,1
commencés,1
boutiquiers,1
chats,1
pur,1
audessus,1
ficus,1
bordent,1
trottoir,4
d'en,4
marchand,4
tabac,4
installée,1
enfourchée,1
s'appuyant,1
trams,2
bondés,1
vides,2
23,1
pierrot,1
garçon,2
balayait,1
sciure,1
placée,3
trouvé,16
rentré,4
morceau,3
chocolat,1
assombri,1
allions,3
orage,1
d'été,6
découvert,3
passage,2
nuées,1
promesse,1
pluie,3
rendue,2
sombre,6
[37],1
tramways,5
ramenaient,1
stade,1
banlieue,2
grappes,1
spectateurs,3
perchés,1
marchepieds,1
rambardes,1
ramené,1
joueurs,1
reconnus,1
valises,1
hurlaient,1
chantaient,1
pleins,2
poumons,1
club,2
périrait,1
signes,3
crié,6
eus,1
secouant,1
autos,1
affluer,1
toits,1
rougeâtre,1
naissant,1
rues,2
animées,1
promeneurs,1
revenaient,2
reconnu,9
d'autres,7
pleuraient,1
traîner,3
aussitôt,4
déversé,1
flot,2
parmi,2
gestes,6
décidés,1
d'aventures,1
ceux,4
arrivèrent,1
semblaient,1
graves,1
riaient,2
paraissaient,1
fatigués,1
songeurs,1
[38],1
venant,2
filles,1
s'étaient,3
arrangés,1
croiser,1
lançaient,1
plaisanteries,2
détournant,1
24,1
allumées,1
pâlir,1
premières,4
étoiles,2
montaient,3
senti,18
fatiguer,2
chargement,1
d'hommes,2
luire,1
mouille,1
intervalles,1
réguliers,1
mettaient,1
reflets,1
brillants,3
bracelet,1
arbres,2
vidé,2
insensiblement,1
premier,7
chat,1
traverse,1
lentement,9
cou,2
appuyé,1
descendu,3
pâtes,1
cuisine,4
[39],1
fraîchi,1
revenant,2
lampe,4
alcool,1
voisinait,1
morceaux,3
tiré,11
reprendre,1
changé,10
25,1
[40],1
travaillé,3
aimable,1
n'étais,10
l'âge,3
soixantaine,1
d'années,2
tromper,2
soulagé,2
considérer,4
terminée,1
tas,1
connaissements,1
s'amoncelaient,1
dépouille,1
quitter,6
[41],1
trouve,4
serviette,3
roulante,2
qu'on,49
utilise,1
humide,2
j'en,10
trouvait,7
regrettable,1
demi,2
travaille,1
l'expédition,1
cargos,1
brûlant,1
camion,3
arrivé,8
fracas,1
chaînes,1
d'explosions,1
allait,18
dépassés,1
lancés,1
poursuite,1
noyé,1
poussière,3
cet,18
élan,2
désordonné,1
26,1
treuils,1
machines,1
mats,1
dansaient,1
l'horizon,2
coques,1
longions,1
appui,1
sauté,1
vol,1
aidé,1
s'asseoir,4
étions,9
hors,2
souffle,6
sautait,2
pavés,1
inégaux,1
perdre,7
haleine,1
[42],1
nage,1
moustaches,1
blanches,4
vin,8
attraper,1
heureux,6
revenir,7
marchant,1
quais,1
vert,2
directement,2
préparer,2
pommes,2
bouillies,1
montant,1
heurté,1
salamano,18
voisin,7
palier,5
chien,31
huit,5
voit,1
l'épagneul,2
maladie,4
peau,5
poils,2
couvre,1
plaques,1
croûtes,3
brunes,1
force,3
vivre,7
ressembler,1
[43],1
rougeâtres,1
poil,2
jaune,2
rare,1
sorte,15
d'allure,1
voûtée,1
museau,1
tendu,5
race,2
détestent,1
onze,3
six,3
mène,1
n'ont,2
itinéraire,2
peut,9
lyon,1
tirant,2
bute,1
bat,1
l'insulte,1
rampe,1
frayeur,1
tirer,6
entraîne,1
maître,2
battu,3
insulté,2
restent,1
regardent,1
terreur,1
haine,2
uri-,1
27,1
ner,1
tire,2
semant,1
traînée,1
hasard,11
dure,2
malheureux,7
rencontré,2
[44],1
train,2
d'insulter,1
salaud,4
!,17
charogne,6
gémissait,2
bonsoir,2
insultait,1
devinais,5
d'arranger,1
collier,2
rage,1
rentrée,3
pattes,1
vit,2
métier,2
magasinier,3
aimé,5
parle,2
l'écoute,1
d'ailleurs,17
s'appelle,1
raymond,92
sintès,2
épaules,3
boxeur,1
correctement,1
[45],1
dégoûtait,2
montés,1
boudin,3
m'éviterait,1
ange,1
stuc,1
photos,1
champions,1
clichés,1
nues,2
sale,3
défait,1
allumé,2
pétrole,1
pansement,2
douteux,1
poche,4
enveloppé,1
bagarre,2
type,7
cherchait,1
histoires,1
28,1
m'a-t-il,7
méchant,2
vif,2
descends,2
es,3
allez,3
tranquille,1
vaut,3
mieux,13
te,6
mûrir,1
relever,1
[46],1
coups,10
taquets,1
figure,6
arrangeait,1
voyez,1
manqué,6
justement,7
sujet,3
vie,24
l'aider,1
qu'ensuite,2
serait,11
copain,6
égal,6
poêle,1
installé,1
verres,1
assiettes,2
couverts,2
bouteilles,1
installés,1
mangeant,1
histoire,11
hésitait,1
connu,4
autant,7
maîtresse,7
frère,2
entretenue,1
[47],1
savait,9
conscience,4
tromperie,5
donnait,4
payait,1
loyer,2
vingt,6
francs,5
nourriture,2
cents,2
paire,1
mille,2
travaillait,3
n'arrivait,2
donnais,2
disais,4
travailles,1
demi-journée,1
soulagerais,1
t'ai,1
acheté,2
29,1
mois-ci,1
paye,2
toi,6
prends,1
tes,2
amies,1
donnes,1
sucre,1
l'argent,2
agi,2
rends,1
raconté,4
[48],1
billet,1
loterie,1
sac,6
indication,1
mont-de-piété,1
prouvait,2
engagé,1
bracelets,2
jusque-là,2
ignorait,1
l'existence,1
quittée,1
tapée,2
vérités,1
s'amuser,1
vois,6
jaloux,1
bonheur,2
connaîtras,1
battue,3
jusqu'au,6
tapais,1
tendrement,1
criait,2
fermais,2
volets,1
finissait,4
sérieux,4
punie,3
besoin,2
mèche,1
charbonnait,1
litre,1
fumais,1
[49],1
m'en,7
restait,6
derniers,4
passaient,1
emportaient,1
bruits,10
lointains,1
l'ennuyait,1
coït,1
punir,4
l'emmener,1
hôtel,2
appeler,4
mœurs,2
causer,1
scandale,1
carte,2
adressé,3
n'avaient,2
marquer,1
30,1
réfléchir,4
pensais,11
ferais,1
veuille,1
[50],1
écrire,1
regretter,2
reviendrait,1
coucherait,1
cracherait,1
mettrait,1
dehors,6
effet,4
capable,1
rédiger,1
m'ennuierait,1
verre,2
repoussé,1
avions,1
soigneusement,2
essuyé,5
toile,5
cirée,3
tiroir,2
feuille,1
quadrillé,1
enveloppe,1
porte-plume,1
bois,8
encrier,1
carré,2
d'encre,1
violette,1
mauresque,1
appliqué,1
contenter,2
[51],1
haute,1
écouté,6
fumant,1
hochant,1
relire,1
tutoyait,2
phrase,3
cacheté,1
au-dehors,3
calme,11
31,1
glissement,2
auto,1
pensait,6
sens,14
arriver,4
avis,9
[52],1
qu'entre,1
comprenait,8
refermé,2
profondeurs,1
cage,1
d'escalier,1
obscur,2
n'entendais,1
immobile,4
gémi,1
sourdement,1
32,1
[53],1
semaine,2
envoyé,1
comprend,1
l'écran,1
donner,5
explications,1
convenus,1
raies,3
sandales,1
devinait,1
durs,3
brun,1
fleur,2
[54],1
autobus,2
allés,3
plage,25
resserrée,1
rochers,3
bordée,1
roseaux,1
tiède,3
vagues,7
longues,2
paresseuses,1
jeu,4
nageant,2
boire,1
crête,1
accumuler,1
l'écume,1
projeter,1
dentelle,1
mousseuse,1
disparaissait,1
retombait,1
brûlée,1
l'amertume,1
rejoint,2
langue,1
rafraîchissait,1
roulés,1
33,1
tenue,1
trouver,3
rentrer,1
jeter,1
[55],1
sentir,5
couler,1
bruns,1
restée,1
déjeunerions,1
viande,2
remontant,1
grondé,1
semelles,1
griffes,1
marches,2
l'histoire,4
pyjamas,1
retroussé,1
manches,5
l'aimais,4
triste,2
préparant,1
propos,3
telle,7
dispute,1
éclaté,2
aiguë,1
m'as,2
t'apprendre,1
[56],1
sourds,1
hurlé,2
terrible,4
qu'immédiatement,1
empli,1
agent,2
n'aimais,2
agents,4
locataire,1
plombier,1
doucereux,1
précipitée,2
l'agent,11
frappée,1
ton,9
enlève,1
ta,1
parles,1
34,1
giflé,3
volée,2
claque,1
épaisse,1
lourde,2
joue,1
tombée,1
humble,1
ramasser,1
mégot,1
[57],1
prochaine,1
sauras,1
guignol,1
maquereau,2
gueule,1
attends,1
retrouvera,1
rester,4
attendant,3
convoqué,1
commissariat,4
devrait,2
honte,2
soûl,2
trembler,1
tremble,1
forcé,1
[58],1
passée,1
gifle,3
qu'alors,1
changerait,1
reçus,1
réponde,1
n'attendais,1
sortir,2
peigner,1
serve,1
témoin,8
sa-,1
35,1
devais,5
selon,9
suffisait,2
déclarer,1
fine,1
billard,1
justesse,1
bordel,1
[59],1
rentrés,1
combien,7
réussi,2
gentil,1
agité,3
rapprochés,3
cotés,1
luimême,1
tentait,1
percer,1
couloir,3
marmonnait,1
recommençait,3
fouiller,1
vaguement,3
murmurait,1
continuait,3
s'agiter,2
volubilité,1
emmené,6
champ,2
manoeuvres,1
baraques,1
foraines,1
roi,1
l'Évasion,1
repartir,1
sûr,14
[60],1
pourrait,5
s'égarer,1
cité,2
exemples,2
chiens,3
dizaines,1
retrouver,4
malgré,10
prendront,2
quelqu'un,2
recueillait,1
dégoûte,1
fourrière,3
rendrait,1
moyennant,1
paiement,1
élevés,1
colère,4
crever,1
l'insulter,2
pénétré,1
36,1
quittés,2
l'étage,2
seuil,1
excusez-moi,2
entrer,5
[61],1
pointe,1
croûteuses,1
qu'est-ce,1
devenir,2
gardait,2
propriétaires,1
craqué,1
bizarre,9
cloison,1
lève,1
lendemain,7
37,1
[62],1
téléphoné,1
moi),1
m'invitait,1
cabanon,4
promis,1
l'invitait,1
contente,1
groupe,5
raccrocher,2
[63],1
d'attendre,2
transmettre,1
invitation,1
m'avertir,1
d'arabes,2
lesquels,1
rentrant,1
avertis-moi,1
téléphoner,1
travailler,2
projet,1
vague,2
l'intention,3
d'installer,1
traiterait,1
affaires,2
38,1
grandes,3
compagnies,1
permettrait,1
voyager,1
l'année,1
semble,2
doit,3
plaire,1
intéressé,1
changement,1
[64],1
changeait,1
valaient,1
déplaisait,1
répondais,1
d'ambition,1
désastreux,1
préféré,2
mécontenter,1
changer,3
réfléchissant,2
étudiant,1
d'ambitions,1
genre,2
abandonner,1
études,1
réelle,1
marier,4
pourrions,1
m'épouser,2
a-t-elle,1
désirait,1
pouvions,2
contentais,1
[65],1
mariage,1
grave,3
simplement,2
proposition,2
serais,4
attaché,1
m'aimait,2
murmuré,3
dégoûterais,1
mêmes,3
raisons,4
taisais,2
n'ayant,1
ajouter,5
souriant,2
ferions,1
dès,4
39,1
voudrait,2
aimerait,2
connaître,1
pigeons,1
cours,5
noires,2
marché,7
belles,1
[66],1
remarquait,1
revoir,2
veux,4
reprocher,2
air,13
emparé,1
tendre,3
dîné,1
lorsqu'il,2
saccadés,1
pomme,1
débarrassée,1
jaquette,3
assise,1
fiévreusement,1
commandé,1
plats,1
précise,1
hors-d'œuvre,2
[67],1
crayon,3
d'avance,1
l'addition,1
gousset,1
augmentée,1
pourboire,1
exacte,1
apporté,1
engloutis,1
suivant,1
magazine,2
programmes,2
radiophoniques,1
soin,2
coché,1
émissions,1
douzaine,1
pages,1
méticuleusement,1
repas,3
cochait,1
application,1
remis,1
40,1
précis,4
d'automate,1
bordure,1
sûreté,1
incroyables,1
suivait,2
dévier,1
oubliée,2
[68],1
car,10
écrasé,2
commissariats,1
trace,1
choses-là,1
qu'elles,1
arrivaient,1
habitué,4
celui-là,4
accroupi,1
genoux,3
mâchonnait,1
phrases,4
m'ennuyait,3
interrogé,3
marié,1
jeunesse,1
régiment,1
jouait,3
vaudevilles,1
militaires,1
finalement,3
chemins,2
fer,3
regrettait,1
retraite,2
[69],1
l'ensemble,2
camarade,1
d'atelier,1
nourrir,1
biberon,1
mauvais,3
caractère,2
prises,1
bec,1
l'avez,2
soirs,2
41,1
matins,1
pommade,1
vraie,1
vieillesse,2
guérit,1
baillé,1
annoncé,3
arrive,2
aimait,1
l'appelait,1
pauvre,1
émis,1
supposition,2
[70],1
jugé,1
j'aimais,5
j'ignorais,2
jusqu'ici,4
jugeât,1
égard,1
naturelle,2
puisque,6
garder,2
ai-je,7
s'ennuyait,1
camarades,1
furtif,1
écailles,1
j'espère,1
n'aboieront,1
mien,1
42,1
[71],1
vi,1
réveiller,1
m'appelle,1
secoue,1
voulions,1
vide,3
goût,1
amer,1
moquée,1
d'enterrement,1
lâché,1
descendant,2
[72],1
descendait,3
persiennes,1
n'arrêtait,2
montré,4
maillots,1
courtes,1
rire,6
avant-bras,2
étais,2
dégoûté,1
sifflait,1
salut,1
mademoiselle,1
43,1
témoigné,1
quitte,1
avertissement,1
contrôlé,1
affirmation,2
irions,1
[73],1
signe,10
adossés,1
devanture,1
manière,1
ni,7
pierres,4
morts,1
préoccupé,1
finie,2
arabes,13
voulaient,2
parte,1
redressé,4
dépêcher,1
l'arrêt,2
d'autobus,2
suivaient,1
indifférence,2
venions,1
paraissait,6
[74],1
plaisait,1
répondait,2
traverser,1
domine,1
dévale,1
couvert,1
jaunâtres,1
d'asphodèles,1
dur,3
s'amusait,1
éparpiller,1
pétales,1
grands,4
files,1
villas,1
barrières,1
vertes,1
quelques-unes,1
enfouies,1
vérandas,1
tamaris,1
d'arriver,1
cap,1
somnolent,1
massif,2
44,1
léger,4
chalutier,1
avançait,4
imperceptiblement,1
cueilli,1
iris,1
roche,1
pente,1
baigneurs,1
l'ami,1
habitait,1
[75],1
l'extrémité,2
adossée,1
pilotis,1
soutenaient,1
baignaient,1
présentés,1
s'appelait,1
masson,32
d'épaules,1
gentille,1
l'accent,1
l'aise,2
friture,1
poissons,1
pêchés,1
jolie,1
venait,4
s'entend,1
jetée,2
parlait,9
compléter,1
dirai,2
n'ajoutait,1
[76],1
épatante,1
charmante,1
éprouver,1
sable,10
retardé,1
l'envie,2
jeté,4
nageait,1
brasse,1
rejoindre,2
froide,1
nager,2
éloignés,2
sentions,1
d'accord,2
contentement,1
45,1
large,1
planche,3
écartait,1
voiles,1
coulaient,1
regagnait,1
s'étendre,1
nagions,1
l'aidais,1
battant,1
suivis,1
sente,2
[77],1
respirant,1
étendu,3
avancer,2
visqueuse,1
salée,1
allongée,1
flanc,2
chaleurs,2
endormi,3
remonté,2
viens,1
m'a-telle,1
étaler,1
brasses,1
miennes,1
désirée,1
revenus,3
appelait,1
plaisais,1
dévoré,1
poisson,1
[78],1
frites,1
mangions,1
buvait,1
servait,1
arrêt,2
envisagé,1
d'août,1
frais,1
communs,1
quelle,1
demie,3
étonnés,1
l'on,7
ma-,1
46,1
rie,1
sieste,1
dis,3
meilleur,3
santé,1
droit,8
resterait,1
aider,1
vaisselle,1
parisienne,2
tombait,2
d'aplomb,1
[79],1
cabanons,1
bordaient,1
surplombaient,1
entendait,5
d'assiettes,1
respirait,1
sol,3
connaissaient,1
dirigés,1
longé,1
mouiller,1
nue,1
chauffe,3
venaient,2
direction,2
marcher,2
[80],1
avançaient,1
prendras,1
charge,1
poches,3
surchauffé,1
avancions,1
distance,2
diminué,1
47,1
uns,3
arrêtés,1
ralenti,1
mine,1
désigné,2
poids,3
l'arabe,7
aplati,1
secondes,3
bulles,2
crevant,1
surface,1
[81],1
vas,2
couteau,6
tailladée,1
bond,2
placé,1
armé,2
osé,2
bouger,1
reculé,1
cesser,2
tenir,2
respect,1
enfuis,1
restions,1
cloués,1
dégouttant,1
docteur,3
dimanches,2
blessure,1
soutenu,2
blessures,1
superficielles,1
pâle,1
[82],1
taire,2
regardant,2
bandé,1
sparadrap,1
coin,4
essayé,4
48,1
l'accompagner,1
insultés,1
contrarier,1
écrasant,1
brisait,1
faux,2
source,6
rocher,5
couchés,1
bleus,2
graisseux,1
calmes,1
contents,1
[83],1
soufflait,1
roseau,1
répétait,2
cesse,2
l'œil,1
obtenait,1
instrument,1
porté,2
revolver,9
bougé,2
flûte,3
doigts,1
écartés,1
adversaire,1
s'exciterait,1
tirerait,1
t'a,1
ferait,3
vilain,1
cœur,16
répondra,1
descendrai,2
sort,3
peux,8
s'exciter,1
observaient,1
[84],1
prends-le,1
d'homme,3
donne-moi,1
intervient,1
glissé,1
dessus,1
immobiles,1
49,1
regardions,1
baisser,2
s'arrêtait,1
double,1
reculons,1
coulés,1
gravissait,1
retentissante,2
découragé,1
aborder,2
revenait,1
[85],1
éclatement,1
haletait,1
respiration,2
rapide,2
étouffée,1
marchais,1
gonfler,2
s'appuyait,1
s'opposait,1
serrais,1
poings,1
tendais,1
entier,2
triompher,1
ivresse,1
opaque,1
déversait,1
épée,2
jaillie,1
coquillage,1
blanchi,1
débris,1
mâchoires,1
crispaient,1
masse,1
entourée,2
halo,1
aveuglant,1
murmure,4
eau,2
fuir,1
pleurs,1
l'ombre,4
repos,1
reposait,1
[86],1
ombres,2
fumait,1
soulevé,1
instants,2
paupières,2
micloses,1
image,4
dansait,1
enflammé,1
paresseux,1
étalé,1
prolongeait,2
n'avançait,1
l'ancre,1
océan,1
métal,1
bouillant,1
vapeur,1
deviné,1
tache,1
cessé,2
demi-tour,1
vibrante,1
pressait,2
[87],1
brûlure,3
gagnait,1
s'amasser,1
sourcils,2
veines,1
battaient,1
supporter,2
stupide,2
débarrasserais,1
déplaçant,1
soulever,1
présenté,2
giclé,1
l'acier,1
lame,1
étincelante,1
m'atteignait,1
instant,3
amassée,1
coulé,1
recouvertes,1
voile,2
épais,3
aveuglés,1
rideau,2
cymbales,1
indistinctement,1
glaive,1
éclatant,1
jailli,1
51,1
[88],1
brûlante,1
rongeait,1
cils,1
fouillait,1
douloureux,2
vacillé,1
charrié,1
ardent,1
semblé,8
s'ouvrait,1
étendue,1
pleuvoir,1
feu,1
crispé,2
gâchette,1
cédé,1
touché,2
poli,1
crosse,1
sec,3
assourdissant,1
l'équilibre,1
exceptionnel,1
inerte,1
balles,2
s'enfonçaient,1
parût,1
brefs,1
frappais,1
malheur,5
52,1
[89],1
53,1
[91],1
arrestation,2
d'interrogatoires,1
d'identité,1
duré,2
n'intéresser,1
juge,11
d'instruction,3
curiosité,2
adresse,1
profession,1
date,3
naissance,1
choisi,1
avocat,37
questionné,2
[92],1
absolument,3
simple,3
choisissez,1
d'avocat,1
désignerons,1
d'office,1
justice,9
chargeât,1
détails,4
approuvé,4
conclu,1
début,5
tendue,1
rideaux,1
éclairait,1
fauteuil,3
asseoir,2
description,1
semblable,2
livres,1
54,1
conversation,4
traits,1
enfoncés,1
grise,3
d'abondants,1
raisonnable,4
sympathique,2
tics,1
tiraient,1
tué,6
[93],1
prison,16
rond,1
collés,1
(j'étais,1
chemise),1
cassé,1
étudié,1
délicate,2
doutait,1
succès,1
faisais,5
confiance,2
entrons,1
renseignements,1
privée,1
su,4
enquête,1
instructeurs,1
preuve,3
d'insensibilité,1
important,3
argument,1
l'accusation,2
répondre,10
l'aide,2
jour-là,6
[94],1
poser,5
m'interroger,2
renseigner,1
êtres,1
sains,1
souhaité,1
aimaient,1
l'avocat,14
coupé,2
promettre,1
l'audience,7
magistrat,1
instructeur,1
nature,1
physiques,1
dérangeaient,1
55,1
rendu,3
mourût,1
ceci,3
dominé,1
naturels,2
inspirais,1
dégoût,1
méchamment,1
personnel,1
[95],1
seraient,2
entendus,2
témoins,4
jouer,2
rapport,1
visible,1
rapports,2
fâché,2
retenir,2
désirais,1
sympathie,2
défendu,2
mettais,2
affirmer,1
grande,5
utilité,1
renoncé,1
paresse,1
tamisée,1
courtoisie,1
contretemps,1
[96],1
pût,1
m'assister,1
doigt,3
bouton,2
greffier,2
s'installer,1
fauteuils,1
l'interrogatoire,2
dépeignait,1
étant,1
taciturne,1
renfermé,2
grand-chose,1
tais,1
56,1
meilleure,1
m'intéresse,2
m'échappent,1
m'aider,2
pressé,1
retracer,1
retracé,2
bain,3
querelle,1
[97],1
disant:,1
lasse,2
répéter,2
l'intéressais,1
qu'avec,3
dieu,12
transition,1
tapait,1
machine,6
touches,1
embarrassé,2
obligé,5
logique,1
apparente,1
précisé,1
avez-vous,2
dit-il,1
revu,3
[98],1
fourragé,1
coudes,2
étrange,1
altérée,1
disiez,1
57,1
extrémité,1
classeur,1
crucifix,2
brandi,1
changée,1
écrié,5
est-ce,2
connaissez,1
passionnée,1
croyait,3
conviction,2
qu'aucun,1
coupable,9
pardonnât,1
repentir,1
devînt,1
l'âme,1
prête,2
accueillir,1
agitait,1
[99],1
raisonnement,2
cabinet,2
mouches,1
posaient,1
peur,3
reconnaissais,3
criminel,3
d'obscur,1
confession,1
tort,4
s'obstiner,1
tellement,3
d'importance,4
exhorté,1
dressé,1
demandant,2
croyais,2
indignation,1
impossible,2
croyaient,1
détournaient,2
douter,1
n'aurait,2
voulezvous,1
s'est-il,2
exclamé,1
n'ait,1
[100],1
christ,1
s'écriait,1
déraisonnable,1
chrétien,1
pardon,1
fautes,1
peux-tu,1
souffert,1
débarrasser,2
j'écoute,1
d'ap-,1
58,1
prouver,1
triomphé,2
disait-il,1
n'est-ce,3
confier,1
Évidemment,1
retombé,1
dialogue,1
dernières,1
attentivement,2
tristesse,2
d'âme,2
endurcie,1
vôtre,1
criminels,2
venus,2
douleur,2
[101],1
terminé,1
las,1
regrettais,2
acte,4
regret,1
véritable,2
j'éprouvais,1
ennui,1
allées,1
bornait,1
préciser,4
déclarations,3
précédentes,1
discutait,1
charges,2
vérité,3
s'occupaient,2
àces,1
moments-là,1
interrogatoires,2
s'intéressât,1
classé,1
l'excitation,1
résultat,2
entretiens,1
devenus,1
cordiaux,1
finis,1
[102],1
l'expression,1
d'ordre,1
m'y,3
mêlait,1
commençais,1
respirer,1
heures-là,1
réglé,1
sobrement,1
joué,2
famille,1
qu'a,1
instruction,1
m'étonnais,2
59,1
m'être,1
réjoui,1
reconduisait,1
frappant,1
l'épaule,2
cordial,2
l'antéchrist,1
remettait,1
gendarmes,5
60,1
[103],1
n'aimerais,1
répugnances,1
réellement,2
j'attendais,5
événement,1
visite,4
(elle,1
[104],1
permettait,2
femme),1
cellule,11
arrêtait,1
enfermé,1
détenus,2
arranger,2
natte,1
roulant,1
extrémités,1
punaises,1
61,1
isolé,1
couchais,1
bat-flanc,1
baquet,1
d'aisances,1
cuvette,1
haut,4
agrippé,1
barreaux,4
gardien,6
parloir,1
corridor,1
escalier,1
[105],1
éclairée,1
vaste,1
baie,2
séparée,1
parties,1
grilles,4
coupaient,1
espace,1
séparait,1
visiteurs,2
prisonniers,3
bruni,1
mauresques,1
visiteuses,1
serrées,1
habillée,1
grosse,3
obligés,1
rebondissaient,1
nus,1
crue,1
vitres,2
rejaillissait,1
causèrent,1
d'étourdissement,1
m'adapter,1
netteté,1
détaché,1
[106],1
accroupis,1
vis-à-vis,1
ceux-là,1
criaient,1
tumulte,1
parvenaient,1
s'entendre,1
sourd,1
formait,1
basse,3
continue,1
s'entrecroisaient,1
têtes,3
m'avançant,1
grille,2
souriait,5
forces,1
trouvée,3
62,1
m'a-t-elle,1
as,1
tus,1
hurlait,2
mari,1
blond,1
franc,1
commencée,1
jeanne,1
criait-elle,1
tue-tête,1
reprendrais,1
bonjour,1
merci,1
[107],1
fines,2
intensité,2
observer,1
espérer,3
serrer,2
épaule,2
par-dessus,1
tissu,1
plis,3
sortiras,1
mariera,1
acquitté,1
prendrait,1
panier,1
greffe,1
énumérait,1
vérifier,1
coûtait,1
[108],1
malade,3
profiter,1
63,1
croisaient,1
îlot,1
rapprochée,1
lent,1
prolongé,1
introduit,1
prisonnier,2
animation,1
demi-voix,1
redevenue,1
silencieuse,1
[109],1
crier,2
soigne-toi,1
fais,1
m'embrassait,1
disparaître,2
écartelé,1
écrit,2
qu'ont,1
exagérer,1
facile,2
détention,1
imaginer,3
plante,1
délivrance,1
dura,1
quotidienne,1
m'arrangeais,1
[110],1
tronc,1
d'arbre,1
occupation,1
passages,1
d'oiseaux,1
rencontres,1
nuages,1
cravates,1
64,1
patientais,1
étreindre,1
or,1
arbre,1
s'habituer,1
n'allais,1
d'ordinaire,1
aidait,1
tourmenté,1
particulièrement,1
celles,1
connues,1
circonstances,4
aimées,1
s'emplissait,1
peuplait,1
désirs,1
[111],1
déséquilibrait,1
tuait,2
gardienchef,1
accompagnait,1
plaignaient,1
injuste,1
met,1
liberté,2
prive,1
punition,3
finissent,1
soulager,1
eux-mêmes,2
ceinture,1
cordons,2
portais,2
particulier,1
rende,1
abattu,3
suçais,1
j'arrachais,1
[112],1
promenais,1
nausée,1
perpétuelle,1
privait,1
moment-là,1
65,1
ennuis,1
tuer,5
m'ennuyer,2
l'instant,2
souvenir,3
imagination,2
partais,1
dénombrant,1
mentalement,1
recommençais,1
souvenais,1
meuble,1
incrustation,1
fêlure,1
ébréché,1
grain,1
j'essayais,4
fil,2
inventaire,1
[113],1
énumération,1
complète,1
semaines,1
dénombrer,1
réfléchissais,2
méconnues,1
oubliées,1
sortais,2
mémoire,1
cent,1
souvenirs,4
avantage,1
dormais,2
nuits,3
meilleures,1
seize,1
dix-huit,1
tchécoslovaque,1
paillasse,1
collé,1
l'étoffe,1
jauni,1
transparent,1
relatait,1
divers,2
manquait,4
tchécoslovaquie,1
tchèque,1
fortune,1
[114],1
vingt-cinq,1
riche,2
sœur,4
natal,1
surprendre,1
établissement,1
plaisanterie,1
66,1
argent,1
l'avaient,1
assassiné,1
marteau,1
voler,1
rivière,1
révélé,1
l'identité,1
voyageur,2
pendue,1
puits,1
lire,3
milliers,2
invraisemblable,1
mérité,1
lecture,2
l'alternance,1
notion,2
[115],1
longs,4
courts,1
distendus,1
finissaient,1
déborder,1
perdaient,1
gardaient,1
lorsqu'un,1
déferlait,1
tâche,1
poursuivais,1
gamelle,1
sérieuse,2
agitée,1
sévère,1
étages,1
cortège,1
approché,1
lucarne,2
contemplé,1
d'étonnant,1
l'étais,2
[116],1
distinctement,1
reconnue,1
résonnait,1
67,1
prisons,2
68,1
[117],1
l'été,3
remplacé,1
montée,2
surviendrait,1
inscrite,1
session,3
d'assises,1
terminerait,1
juin,1
débats,4
ouverts,1
assuré,1
dureraient,1
avait-il,1
ajoute,1
pressée,1
importante,1
[118],1
parricide,3
passera,1
sept,1
cellulaire,2
palais,2
appels,1
fêtes,1
concert,1
range,1
pouvoir,2
danser,1
refusée,1
trac,1
69,1
m'intéressait,6
procès,4
l'occasion,2
gendarme,4
finit,1
sonnerie,4
résonné,2
menottes,1
box,2
accusés,1
craquer,1
stores,1
s'infiltrait,1
endroits,1
étouffant,1
closes,1
[119],1
encadré,1
rangée,1
jurés,15
distinguait,1
banquette,2
tramway,2
voyageurs,1
anonymes,1
épiaient,1
nouvel,1
arrivant,2
apercevoir,1
niaise,1
cherchaient,1
crime,7
différence,1
close,1
prétoire,3
effort,2
agitation,1
banc,4
[120],1
journalistes,5
dirigé,1
âgé,1
grimaçant,1
rencontrait,1
s'interpellait,1
conversait,1
intrus,1
journaliste,4
espérait,1
irait,2
saison,1
creuse,1
vaillent,1
bonhomme,1
ressemblait,1
belette,1
engraissée,1
d'énormes,1
lunettes,1
cerclées,1
l'envoyé,1
spécial,1
chargé,1
[121],1
câbler,1
failli,1
remercier,1
minutes,2
entouré,1
confrères,1
plaisanté,1
aise,1
retenti,3
regagné,2
conseillé,1
brièvement,1
poserait,1
d'initiatives,1
reposer,1
reculait,2
mince,1
vêtu,1
portant,1
lorgnon,1
s'asseyait,1
pliant,1
procureur,27
huissier,2
ventilateurs,2
vrombir,1
juges,2
troisième,2
dossiers,2
tribune,1
dominait,1
[122],1
toque,1
chauve,1
stylo,2
indiffèrent,1
narquois,1
flanelle,1
bleue,1
asymétrique,1
m'examinaient,1
exprimer,1
fût,2
définissable,1
71,1
usages,1
tirage,1
posées,1
président,29
jury,6
(à,1
retournaient,2
cour),1
l'acte,1
d'accusation,1
noms,2
lieux,1
personnes,1
nouvelles,2
[123],1
procéder,1
l'appel,3
l'huissier,3
attiré,1
sein,1
informe,1
latérale,1
celle-ci,3
anxieux,2
aperçus,1
bonne,5
parole,2
véritables,1
recommander,1
diriger,1
impartialité,1
objectivité,1
sentence,2
prise,3
esprit,1
évacuer,1
moindre,2
incident,1
assistants,1
s'éventer,1
[124],1
continu,1
froissé,1
apporte,1
éventails,2
tressée,1
utilisés,1
interrogatoire,1
nuance,1
cordialité,2
décliner,1
identité,1
agacement,1
re-,1
72,1
récit,2
s'adressant,1
instructions,1
minutie,1
écrivaient,1
regards,2
automate,2
entière,1
tournée,1
celui-ci,5
feuilleté,1
s'éventant,1
[125],1
apparemment,1
étrangères,1
touchaient,1
manquais,1
soigner,1
coûté,1
personnellement,1
n'attendions,1
habitués,1
vies,3
insister,2
était-il,1
endroit,1
précisément,1
noté,1
accent,2
[126],1
confus,1
conciliabules,1
renvoyée,1
l'audition,1
recommencé,1
73,1
forte,2
miracle,1
munis,1
d'éventails,1
s'éventaient,1
couvrait,2
plaignait,2
manie,1
[127],1
plaindre,2
proches,2
l'avoir,1
recueillir,1
tombe,1
employé,1
oh,1
suffit,1
tel,3
triomphant,1
années,4
détesté,1
genslà,1
[128],1
cérémonial,1
détourné,6
posait,1
soulevait,1
premiè-,1
74,1
ironique,1
élevé,1
violence,1
quelles,1
méthodes,1
consistent,1
salir,1
minimiser,1
témoignages,1
demeurent,1
écrasants,1
[129],1
offerte,1
d'étonnement,2
gratitude,1
bruyamment,1
apprécieraient,1
tonné,1
mm,2
apprécieront,2
concluront,1
étranger,1
proposer,1
soutenir,1
barre,3
m'empêchait,1
[130],1
évanoui,1
exagéré,1
pleurais,1
retroussant,1
péremptoire,1
voi-,1
75,1
l'image,1
ferme,2
piquait,2
titres,1
suspension,1
lesquelles,2
défense,4
jetait,2
panama,2
neuf,2
mettait,1
courses,1
chevaux,1
fermée,1
[131],1
client,1
parlais,2
payais,2
pension,1
préparé,1
sait,4
eh,2
continuer,1
remerciait,1
celeste,1
bref,1
malheurs,1
remercions,1
science,1
volonté,3
[132],1
brillaient,1
d'embrasser,1
enjoint,1
76,1
écouter,1
libres,1
lèvre,1
inférieure,1
gonflée,1
nerveuse,1
indiqué,3
quels,2
feuilletait,1
[133],1
datait,1
liaison,2
indifférent,3
ironie,1
situation,1
scrupules,1
(et,2
dur),1
commandait,1
s'élever,1
convenances,1
donc,10
résumer,1
connue,1
l'insistance,1
l'instruction,2
elle-même,1
dirait,2
complet,1
émue,1
articulé,1
messieurs,9
[134],1
irrégulière,1
comique,1
forçait,1
emmenée,1
poursuivie,1
77,1
honnête,3
brave,1
rappelé,2
innocent,1
[135],1
appréciations,1
faits,4
relations,1
victime,2
profité,1
haïssait,1
haïr,1
l'origine,1
drame,2
rétorqué,1
méfaits,1
lors,1
témoignage,1
révélées,1
pure,1
complaisance,1
moyens,2
d'existence,1
notoriété,1
générale,1
exerçait,1
souteneur,1
[136],1
complice,1
crapuleux,1
espèce,1
aggravé,1
monstre,1
moral,1
défendre,1
protesté,1
terminer,1
Était-il,1
78,1
livrait,1
débauche,1
honteuse,1
futiles,1
liquider,1
inqualifiable,1
patience,1
retombant,1
amidonnée,1
est-il,1
accusé,2
drapé,1
l'ingénuité,1
[137],1
l'honorable,1
défenseur,1
ordres,1
relation,1
profonde,1
pathétique,1
essentielle,1
j'accuse,1
déclaration,1
considérable,1
haussé,2
ébranlé,1
n'allaient,1
l'obscurité,1
familiers,2
m'arrivait,1
cri,2
vendeurs,1
détendu,1
oiseaux,1
square,1
marchands,1
sandwiches,1
plainte,1
hauts,1
tournants,1
rumeur,1
bascule,1
recomposait,1
d'aveugle,1
[138],1
d'entrer,1
m'attendait,1
rêves,1
79,1
retrouvée,1
tracés,1
ciels,1
mener,1
qu'aux,1
sommeils,1
innocents,1
80,1
[139],1
d'accusé,1
d'entendre,2
soi,1
plaidoiries,2
Étaient-elles,1
différentes,1
levait,1
plaidait,1
excuses,2
tendait,1
dénonçait,1
culpabilité,1
préoccupations,1
parfois,1
tenté,2
d'intervenir,1
[140],1
taisez-vous,1
traiter,1
déroulait,1
intervention,1
réglait,1
prenne,1
d'interrompre,1
l'accusé,2
réflexion,1
reconnaître,5
l'intérêt,1
occuper,1
plaidoirie,3
lassé,1
seule-,1
81,1
ment,1
fragments,1
tirades,1
entières,1
détachées,1
éveillé,1
intérêt,2
pensée,4
prémédité,1
démontrer,1
ferai,2
doublement,1
l'aveuglante,1
clarté,2
l'éclairage,1
fournira,1
psychologie,1
âme,5
criminelle,1
résumé,1
insensibilité,2
[141],1
l'ignorance,1
événements,1
plausible,2
attirer,1
livrer,1
traitements,1
moralité,1
douteuse,2
provoqué,1
adversaires,1
blessé,1
projetais,1
besogne,1
posément,1
réfléchie,1
d'événements,1
connaissance,1
j'insiste,1
là-dessus,1
s'agit,2
assassinat,1
ordinaire,2
irréfléchi,1
[142],1
pourriez,1
estimer,1
atténué,1
intelligent,2
connaît,2
valeur,1
j'écoutais,2
jugeait,2
qualités,1
écrasantes,1
82,1
regrets,1
ému,2
abominable,2
forfait,1
continuant,1
m'accabler,1
comprenne,1
m'empêcher,1
d'acharnement,1
m'étonnait,1
essayer,1
cordialement,1
affection,1
[143],1
l'état,1
montrer,1
affectueux,1
d'écouter,1
d'humain,1
principes,1
moraux,1
gardent,1
accessible,1
ajoutait-il,1
saurions,1
saurait,2
acquérir,1
pouvons,1
vertu,1
négative,1
tolérance,1
muer,1
élevée,1
découvre,1
devient,1
gouffre,1
société,4
succomber,1
attitude,1
envers,1
[144],1
matinée,2
pénétrée,1
forfaits,1
meurtre,4
l'imagination,3
atroce,1
attentat,1
osait,1
punirait,1
faiblesse,1
craignait,1
83,1
l'horreur,2
inspirait,1
cédait,1
ressentait,1
moralement,2
retranchait,1
titre,1
meurtrière,1
l'auteur,1
actes,1
annonçait,1
légitimait,1
persuadé,2
élevant,1
trouverez,1
audacieuse,1
devra,1
puni,1
conséquence,1
[145],1
brillant,1
l'accomplirait,1
fermement,1
méconnaissais,1
règles,1
essentielles,1
humain,1
réactions,1
élémentaires,1
carrière,1
réclamer,1
peines,1
capitales,2
qu'aujourd'hui,1
compensé,1
balancé,1
éclairé,1
commandement,1
impérieux,1
sacré,1
ressens,1
lis,1
monstrueux,1
rassis,2
[146],1
saisissait,1
système,1
motifs,1
inspiré,1
mêlant,1
rendant,1
rires,1
84,1
renvoi,1
consenti,1
brassaient,1
multicolores,1
s'agitaient,1
avocats,1
font,1
[147],1
m'écarter,1
l'affaire,1
réduire,2
zéro,1
substituer,1
d'audience,1
plaidé,1
provocation,1
talent,1
contrairement,1
l'éminent,1
représentant,1
ministère,1
travailleur,2
régulier,1
infatigable,1
fidèle,1
l'employait,1
compatissant,1
misères,1
d'autrui,1
modèle,1
espéré,1
donnerait,1
confort,1
permettaient,1
procurer,1
m'étonne,1
ait,2
mené,1
asile,2
l'utilité,1
grandeur,1
institutions,1
[148],1
subventionne,1
journées,3
interminables,1
devenait,2
incolore,1
vertige,1
85,1
l'espace,1
salles,1
prétoires,1
trompette,1
assailli,1
m'appartenait,1
pauvres,1
tenaces,1
joies,1
odeurs,2
robes,1
d'inutile,1
gorge,1
finisse,1
retrouve,1
s'écrier,1
voudraient,1
envoyer,1
minute,2
d'égarement,1
[149],1
atténuantes,2
traînais,1
châtiments,1
remords,1
éternel,1
suspendu,1
épuisé,2
magnifique,1
hein,1
acquiescé,1
compliment,1
sincère,1
déclinait,1
douceur,1
qu'ensemble,1
attendions,1
concernait,1
état,1
veste,1
[150],1
revenue,1
série,1
préméditation,2
86,1
volubile,1
tirerais,1
bagne,1
chances,2
cassation,1
jugement,5
défavorable,1
tactique,1
déposer,1
conclusions,1
indisposer,1
cassait,1
évident,3
froidement,1
paperasses,1
inutiles,1
pourvoi,9
l'issue,1
favorable,1
[151],1
réponses,1
l'énoncé,1
portes,1
claqué,1
couraient,1
escaliers,1
sourde,1
sensation,1
eue,1
tranchée,1
publique,1
peuple,2
lisais,1
considération,1
poignet,1
87,1
[152],1
refusé,3
recevoir,2
l'aumônier,7
verrai,1
d'échapper,1
mécanique,3
l'inévitable,1
issue,1
allongé,1
passent,1
déclin,1
j'attends,1
[153],1
condamnés,2
eussent,1
échappé,1
mécanisme,1
implacable,2
disparu,2
l'exécution,1
rompu,1
d'agents,2
reprochais,1
prêté,1
d'attention,1
récits,2
d'exécution,1
s'intéresser,1
comptes,1
rendus,1
ouvrages,1
spéciaux,1
consulter,1
d'évasion,2
roue,1
arrêtée,2
irrésistible,1
chance,4
88,1
m'aurait,2
suffi,1
parlaient,1
dette,1
due,1
payer,1
comptait,1
possibilité,2
saut,1
rite,1
folie,1
offrit,1
l'espoir,2
[154],1
balle,1
considéré,1
luxe,1
l'interdisait,1
reprenait,1
accepter,2
insolente,1
disproportion,1
déroulement,1
imperturbable,1
prononcé,1
lue,1
dix-sept,1
changent,1
linge,1
portée,1
crédit,1
imprécise,1
(ou,1
chinois),1
enlevait,1
décision,1
seconde,2
effets,2
devenaient,1
mur,4
duquel,1
j'écrasais,1
[155],1
exécuter,1
assassin,1
d'y,1
vomi,1
n'avaisje,1
exécution,3
capitale,1
intéressante,1
j'irais,1
exécutions,1
89,1
spectateur,1
vient,1
pourra,1
vomir,1
empoisonnée,1
suppositions,1
d'après,1
affreusement,1
recroquevillais,1
couverture,1
claquais,1
[156],1
projets,1
réformais,1
pénalités,1
l'essentiel,1
condamné,7
combinaison,2
chimique,1
l'absorption,1
tuerait,1
patient,2
(je,1
patient),1
condition,1
considérant,1
constatais,1
défectueux,2
couperet,1
décidée,1
accord,1
lequel,2
ratait,1
extraordinaire,1
d'ennuyeux,1
souhaitât,1
fonctionnement,1
secret,1
organisation,1
collaborer,1
[157],1
marchât,1
accroc,1
constater,2
guillotine,1
échafaud,1
gravir,1
révolution,1
1789,1
photographie,1
publiée,1
90,1
étroite,2
fusse,1
avisé,1
cliché,1
aspect,1
d'ouvrage,1
précision,2
étincelant,1
exagérées,1
ennuyeux,1
l'échafaud,1
[158],1
l'ascension,1
tandis,1
écrasait,1
discrètement,1
l'aube,3
raisonnais,1
m'étendais,1
m'efforçais,1
intéresser,1
détourner,1
m'accompagnait,1
put,1
représenter,1
battement,1
prolongerait,1
vain,2
finissais,1
contraindre,1
aube,2
m'arrive,1
préfère,1
[159],1
patiemment,1
naisse,1
vitre,1
opéraient,1
minuit,1
guettais,1
oreille,1
perçu,1
sons,1
tenus,1
période,1
l'approuvais,1
colorait,1
nou-,1
91,1
veau,1
qu'aussi,1
entendre,1
l'oreille,1
éperdument,1
j'entende,1
propre,1
effrayé,1
rauque,1
râle,1
n'éclatait,1
gagné,2
vingtquatre,1
[160],1
calculais,1
j'obtenais,1
réflexions,1
rendement,1
prenais,1
mauvaise,1
rejeté,1
mourrai,1
vécue,1
n'ignorais,1
mourir,2
trente,1
soixante-dix,1
importe,1
vivront,1
mourrais,1
soit,2
l'étouffer,1
imaginant,1
représentait,1
raisonnements),1
rejet,1
[161],1
permission,1
d'aborder,1
hypothèse,2
gracié,1
l'ennuyeux,1
fougueux,1
insensée,1
m'applique,1
raisonner,1
sois,1
résignation,1
92,1
l'approche,1
blondeur,1
rejeter,1
ondes,1
circuler,1
m'écrivait,1
soir-là,1
fatiguée,1
[162],1
l'ordre,1
l'aurais-je,1
puisqu'en,1
séparés,1
liait,1
rappelait,1
normal,1
m'oublient,1
tremblement,1
amicale,1
couchette,2
baissée,2
musclées,1
[163],1
bêtes,1
agiles,1
frottées,1
refusez-vous,1
visites,1
93,1
renversé,1
adossé,2
cuisses,1
l'était,1
pensez-vous,1
position,1
excès,1
désespoir,1
[164],1
désespéré,1
aiderait,1
connus,1
quant,1
m'aidât,1
m'intéresser,1
d'agacement,1
arrangé,1
m'appelant,1
consolation,1
certes,1
mourrez,1
mourez,1
posera,1
aborderez-vous,1
épreuve,1
l'aborderais,1
exactement,1
l'abordais,1
[165],1
amusais,1
tremblait,1
tremblé,1
94,1
n'avez-vous,1
espoir,1
vivez-vous,1
baissé,1
m'appuyais,1
inquiète,1
pressante,1
péché,2
[166],1
pêche,1
qu'était,1
remuer,1
choix,1
fixés,1
n'osait,1
trompez,1
demandera,1
-et,1
suent,1
regardées,1
angoisse,1
misérables,1
obscurité,1
divin,1
animé,1
murailles,1
[167],1
connusse,1
avais-je,1
95,1
flamme,1
surgir,1
muraille,1
permettais,1
m'embrasser,1
aimez-vous,1
détournée,1
pesait,1
m'agaçait,1
d'éclat,1
retournant,1
souhaiter,3
[168],1
ordre,1
pourrais,1
avancé,1
l'appelais,1
énervée,1
mettant,1
pouvez,1
avez,1
aveugle,1
prierai,1
crevé,1
gosier,1
prier,1
collet,1
soutane,1
dé-,1
96,1
versais,1
bondissements,1
mêlés,1
[169],1
certitudes,1
valait,3
cheveu,1
puisqu'il,1
vivait,1
tenais,1
justifié,1
avenir,2
absurde,1
menée,1
remontait,1
venues,1
égalisait,1
proposait,1
réelles,1
vivais,1
m'importaient,2
l'amour,1
[170],1
choisit,1
destins,1
élit,1
puisqu'un,1
destin,1
m'élire,1
milliards,1
privilégiés,2
disaient,1
frères,1
comprenait-il,3
privilégié,1
condamnerait,2
qu'importait,3
exécuté,1
automatique,1
épousée,1
l'épouse,1
donnât,1
j'étouffais,1
criant,1
m'arrachait,1
gardiens,1
menaçaient,1
calmés,1
97,1
[171],1
rafraîchissaient,1
merveilleuse,1
paix,1
marée,1
limite,1
sirènes,1
annonçaient,1
départs,1
fiancé,1
recommencer,1
là-bas,2
s'éteignaient,1
libérée,1
revivre,2
prêt,1
purgé,1
d'espoir,1
chargée,1
d'étoiles,1
m'ouvrais,1
[172],1
l'éprouver,1
pareil,1
fraternel,1
consommé,1
m'accueillent,1
texte,1
